<?xml version="1.0" encoding="UTF-8"?>
<config xmlns="http://www.knime.org/2008/09/XMLConfig" xmlns:xsi="http://www.w3.org/2001/XMLSchema-instance" xsi:schemaLocation="http://www.knime.org/2008/09/XMLConfig http://www.knime.org/XMLConfig_2008_09.xsd" key="model.xml">
    <entry key="version" type="xint" value="1"/>
    <entry key="class_name" type="xstring" value="org.knime.base.node.mine.bfn.radial.RadialBasisFunctionPortObject"/>
    <config key="model">
        <config key="rules">
            <config key="Rule_1">
                <entry key="row_id" type="xstring" value="Rule_1"/>
                <config key="class_label">
                    <entry key="datacell" type="xstring" value="org.knime.core.data.def.StringCell"/>
                    <config key="org.knime.core.data.def.StringCell">
                        <entry key="StringCell" type="xstring" value="Iris-setosa"/>
                    </config>
                </config>
                <entry key="dont_know_class" type="xdouble" value="0.2"/>
                <entry key="correct_covered" type="xint" value="3"/>
                <entry key="wrong_covered" type="xint" value="0"/>
                <entry key="within-cluster_variance" type="xdouble" value="1.3900000000000012"/>
                <config key="center">
                    <entry key="array-size" type="xint" value="4"/>
                    <entry key="0" type="xdouble" value="4.9"/>
                    <entry key="1" type="xdouble" value="3.0"/>
                    <entry key="2" type="xdouble" value="1.4"/>
                    <entry key="3" type="xdouble" value="0.2"/>
                </config>
                <entry key="distance" type="xint" value="0"/>
                <entry key="not_shrunk" type="xboolean" value="false"/>
                <entry key="standard_deviation" type="xdouble" value="1.5080072481550544"/>
            </config>
            <config key="Rule_6">
                <entry key="row_id" type="xstring" value="Rule_6"/>
                <config key="class_label">
                    <entry key="datacell" type="xstring" value="org.knime.core.data.def.StringCell"/>
                    <config key="org.knime.core.data.def.StringCell">
                        <entry key="StringCell" type="xstring" value="Iris-setosa"/>
                    </config>
                </config>
                <entry key="dont_know_class" type="xdouble" value="0.2"/>
                <entry key="correct_covered" type="xint" value="38"/>
                <entry key="wrong_covered" type="xint" value="0"/>
                <entry key="within-cluster_variance" type="xdouble" value="58.77000000000004"/>
                <config key="center">
                    <entry key="array-size" type="xint" value="4"/>
                    <entry key="0" type="xdouble" value="5.7"/>
                    <entry key="1" type="xdouble" value="4.4"/>
                    <entry key="2" type="xdouble" value="1.5"/>
                    <entry key="3" type="xdouble" value="0.4"/>
                </config>
                <entry key="distance" type="xint" value="0"/>
                <entry key="not_shrunk" type="xboolean" value="false"/>
                <entry key="standard_deviation" type="xdouble" value="2.041851466413509"/>
            </config>
            <config key="Rule_2">
                <entry key="row_id" type="xstring" value="Rule_2"/>
                <config key="class_label">
                    <entry key="datacell" type="xstring" value="org.knime.core.data.def.StringCell"/>
                    <config key="org.knime.core.data.def.StringCell">
                        <entry key="StringCell" type="xstring" value="Iris-versicolor"/>
                    </config>
                </config>
                <entry key="dont_know_class" type="xdouble" value="0.2"/>
                <entry key="correct_covered" type="xint" value="9"/>
                <entry key="wrong_covered" type="xint" value="0"/>
                <entry key="within-cluster_variance" type="xdouble" value="2.100000000000001"/>
                <config key="center">
                    <entry key="array-size" type="xint" value="4"/>
                    <entry key="0" type="xdouble" value="7.0"/>
                    <entry key="1" type="xdouble" value="3.2"/>
                    <entry key="2" type="xdouble" value="4.7"/>
                    <entry key="3" type="xdouble" value="1.4"/>
                </config>
                <entry key="distance" type="xint" value="0"/>
                <entry key="not_shrunk" type="xboolean" value="false"/>
                <entry key="standard_deviation" type="xdouble" value="0.6916848267895581"/>
            </config>
            <config key="Rule_7">
                <entry key="row_id" type="xstring" value="Rule_7"/>
                <config key="class_label">
                    <entry key="datacell" type="xstring" value="org.knime.core.data.def.StringCell"/>
                    <config key="org.knime.core.data.def.StringCell">
                        <entry key="StringCell" type="xstring" value="Iris-versicolor"/>
                    </config>
                </config>
                <entry key="dont_know_class" type="xdouble" value="0.2"/>
                <entry key="correct_covered" type="xint" value="6"/>
                <entry key="wrong_covered" type="xint" value="0"/>
                <entry key="within-cluster_variance" type="xdouble" value="4.260000000000001"/>
                <config key="center">
                    <entry key="array-size" type="xint" value="4"/>
                    <entry key="0" type="xdouble" value="5.5"/>
                    <entry key="1" type="xdouble" value="2.3"/>
                    <entry key="2" type="xdouble" value="4.0"/>
                    <entry key="3" type="xdouble" value="1.3"/>
                </config>
                <entry key="distance" type="xint" value="0"/>
                <entry key="not_shrunk" type="xboolean" value="false"/>
                <entry key="standard_deviation" type="xdouble" value="0.9845214562989447"/>
            </config>
            <config key="Rule_8">
                <entry key="row_id" type="xstring" value="Rule_8"/>
                <config key="class_label">
                    <entry key="datacell" type="xstring" value="org.knime.core.data.def.StringCell"/>
                    <config key="org.knime.core.data.def.StringCell">
                        <entry key="StringCell" type="xstring" value="Iris-versicolor"/>
                    </config>
                </config>
                <entry key="dont_know_class" type="xdouble" value="0.2"/>
                <entry key="correct_covered" type="xint" value="19"/>
                <entry key="wrong_covered" type="xint" value="0"/>
                <entry key="within-cluster_variance" type="xdouble" value="18.25999999999999"/>
                <config key="center">
                    <entry key="array-size" type="xint" value="4"/>
                    <entry key="0" type="xdouble" value="4.9"/>
                    <entry key="1" type="xdouble" value="2.4"/>
                    <entry key="2" type="xdouble" value="3.3"/>
                    <entry key="3" type="xdouble" value="1.0"/>
                </config>
                <entry key="distance" type="xint" value="0"/>
                <entry key="not_shrunk" type="xboolean" value="false"/>
                <entry key="standard_deviation" type="xdouble" value="1.4976712301971347"/>
            </config>
            <config key="Rule_13">
                <entry key="row_id" type="xstring" value="Rule_13"/>
                <config key="class_label">
                    <entry key="datacell" type="xstring" value="org.knime.core.data.def.StringCell"/>
                    <config key="org.knime.core.data.def.StringCell">
                        <entry key="StringCell" type="xstring" value="Iris-versicolor"/>
                    </config>
                </config>
                <entry key="dont_know_class" type="xdouble" value="0.2"/>
                <entry key="correct_covered" type="xint" value="1"/>
                <entry key="wrong_covered" type="xint" value="0"/>
                <entry key="within-cluster_variance" type="xdouble" value="0.0"/>
                <config key="center">
                    <entry key="array-size" type="xint" value="4"/>
                    <entry key="0" type="xdouble" value="6.3"/>
                    <entry key="1" type="xdouble" value="2.5"/>
                    <entry key="2" type="xdouble" value="4.9"/>
                    <entry key="3" type="xdouble" value="1.5"/>
                </config>
                <entry key="distance" type="xint" value="0"/>
                <entry key="not_shrunk" type="xboolean" value="false"/>
                <entry key="standard_deviation" type="xdouble" value="0.2842068639085786"/>
            </config>
            <config key="Rule_14">
                <entry key="row_id" type="xstring" value="Rule_14"/>
                <config key="class_label">
                    <entry key="datacell" type="xstring" value="org.knime.core.data.def.StringCell"/>
                    <config key="org.knime.core.data.def.StringCell">
                        <entry key="StringCell" type="xstring" value="Iris-versicolor"/>
                    </config>
                </config>
                <entry key="dont_know_class" type="xdouble" value="0.2"/>
                <entry key="correct_covered" type="xint" value="4"/>
                <entry key="wrong_covered" type="xint" value="0"/>
                <entry key="within-cluster_variance" type="xdouble" value="0.7300000000000018"/>
                <config key="center">
                    <entry key="array-size" type="xint" value="4"/>
                    <entry key="0" type="xdouble" value="6.4"/>
                    <entry key="1" type="xdouble" value="2.9"/>
                    <entry key="2" type="xdouble" value="4.3"/>
                    <entry key="3" type="xdouble" value="1.3"/>
                </config>
                <entry key="distance" type="xint" value="0"/>
                <entry key="not_shrunk" type="xboolean" value="false"/>
                <entry key="standard_deviation" type="xdouble" value="0.5845803742923522"/>
            </config>
            <config key="Rule_15">
                <entry key="row_id" type="xstring" value="Rule_15"/>
                <config key="class_label">
                    <entry key="datacell" type="xstring" value="org.knime.core.data.def.StringCell"/>
                    <config key="org.knime.core.data.def.StringCell">
                        <entry key="StringCell" type="xstring" value="Iris-versicolor"/>
                    </config>
                </config>
                <entry key="dont_know_class" type="xdouble" value="0.2"/>
                <entry key="correct_covered" type="xint" value="1"/>
                <entry key="wrong_covered" type="xint" value="0"/>
                <entry key="within-cluster_variance" type="xdouble" value="0.0"/>
                <config key="center">
                    <entry key="array-size" type="xint" value="4"/>
                    <entry key="0" type="xdouble" value="6.0"/>
                    <entry key="1" type="xdouble" value="2.7"/>
                    <entry key="2" type="xdouble" value="5.1"/>
                    <entry key="3" type="xdouble" value="1.6"/>
                </config>
                <entry key="distance" type="xint" value="0"/>
                <entry key="not_shrunk" type="xboolean" value="false"/>
                <entry key="standard_deviation" type="xdouble" value="0.2614322910459938"/>
            </config>
            <config key="Rule_16">
                <entry key="row_id" type="xstring" value="Rule_16"/>
                <config key="class_label">
                    <entry key="datacell" type="xstring" value="org.knime.core.data.def.StringCell"/>
                    <config key="org.knime.core.data.def.StringCell">
                        <entry key="StringCell" type="xstring" value="Iris-versicolor"/>
                    </config>
                </config>
                <entry key="dont_know_class" type="xdouble" value="0.2"/>
                <entry key="correct_covered" type="xint" value="1"/>
                <entry key="wrong_covered" type="xint" value="0"/>
                <entry key="within-cluster_variance" type="xdouble" value="0.0"/>
                <config key="center">
                    <entry key="array-size" type="xint" value="4"/>
                    <entry key="0" type="xdouble" value="6.0"/>
                    <entry key="1" type="xdouble" value="3.4"/>
                    <entry key="2" type="xdouble" value="4.5"/>
                    <entry key="3" type="xdouble" value="1.6"/>
                </config>
                <entry key="distance" type="xint" value="0"/>
                <entry key="not_shrunk" type="xboolean" value="false"/>
                <entry key="standard_deviation" type="xdouble" value="0.4794725495657248"/>
            </config>
            <config key="Rule_3">
                <entry key="row_id" type="xstring" value="Rule_3"/>
                <config key="class_label">
                    <entry key="datacell" type="xstring" value="org.knime.core.data.def.StringCell"/>
                    <config key="org.knime.core.data.def.StringCell">
                        <entry key="StringCell" type="xstring" value="Iris-virginica"/>
                    </config>
                </config>
                <entry key="dont_know_class" type="xdouble" value="0.2"/>
                <entry key="correct_covered" type="xint" value="10"/>
                <entry key="wrong_covered" type="xint" value="0"/>
                <entry key="within-cluster_variance" type="xdouble" value="5.87"/>
                <config key="center">
                    <entry key="array-size" type="xint" value="4"/>
                    <entry key="0" type="xdouble" value="6.3"/>
                    <entry key="1" type="xdouble" value="3.3"/>
                    <entry key="2" type="xdouble" value="6.0"/>
                    <entry key="3" type="xdouble" value="2.5"/>
                </config>
                <entry key="distance" type="xint" value="0"/>
                <entry key="not_shrunk" type="xboolean" value="false"/>
                <entry key="standard_deviation" type="xdouble" value="1.0836618597688426"/>
            </config>
            <config key="Rule_4">
                <entry key="row_id" type="xstring" value="Rule_4"/>
                <config key="class_label">
                    <entry key="datacell" type="xstring" value="org.knime.core.data.def.StringCell"/>
                    <config key="org.knime.core.data.def.StringCell">
                        <entry key="StringCell" type="xstring" value="Iris-virginica"/>
                    </config>
                </config>
                <entry key="dont_know_class" type="xdouble" value="0.2"/>
                <entry key="correct_covered" type="xint" value="15"/>
                <entry key="wrong_covered" type="xint" value="0"/>
                <entry key="within-cluster_variance" type="xdouble" value="17.169999999999984"/>
                <config key="center">
                    <entry key="array-size" type="xint" value="4"/>
                    <entry key="0" type="xdouble" value="7.6"/>
                    <entry key="1" type="xdouble" value="3.0"/>
                    <entry key="2" type="xdouble" value="6.6"/>
                    <entry key="3" type="xdouble" value="2.1"/>
                </config>
                <entry key="distance" type="xint" value="0"/>
                <entry key="not_shrunk" type="xboolean" value="false"/>
                <entry key="standard_deviation" type="xdouble" value="1.4809835647283291"/>
            </config>
            <config key="Rule_10">
                <entry key="row_id" type="xstring" value="Rule_10"/>
                <config key="class_label">
                    <entry key="datacell" type="xstring" value="org.knime.core.data.def.StringCell"/>
                    <config key="org.knime.core.data.def.StringCell">
                        <entry key="StringCell" type="xstring" value="Iris-virginica"/>
                    </config>
                </config>
                <entry key="dont_know_class" type="xdouble" value="0.2"/>
                <entry key="correct_covered" type="xint" value="1"/>
                <entry key="wrong_covered" type="xint" value="0"/>
                <entry key="within-cluster_variance" type="xdouble" value="0.0"/>
                <config key="center">
                    <entry key="array-size" type="xint" value="4"/>
                    <entry key="0" type="xdouble" value="6.5"/>
                    <entry key="1" type="xdouble" value="3.2"/>
                    <entry key="2" type="xdouble" value="5.1"/>
                    <entry key="3" type="xdouble" value="2.0"/>
                </config>
                <entry key="distance" type="xint" value="0"/>
                <entry key="not_shrunk" type="xboolean" value="false"/>
                <entry key="standard_deviation" type="xdouble" value="0.3344253103769662"/>
            </config>
            <config key="Rule_11">
                <entry key="row_id" type="xstring" value="Rule_11"/>
                <config key="class_label">
                    <entry key="datacell" type="xstring" value="org.knime.core.data.def.StringCell"/>
                    <config key="org.knime.core.data.def.StringCell">
                        <entry key="StringCell" type="xstring" value="Iris-virginica"/>
                    </config>
                </config>
                <entry key="dont_know_class" type="xdouble" value="0.2"/>
                <entry key="correct_covered" type="xint" value="5"/>
                <entry key="wrong_covered" type="xint" value="0"/>
                <entry key="within-cluster_variance" type="xdouble" value="1.0299999999999994"/>
                <config key="center">
                    <entry key="array-size" type="xint" value="4"/>
                    <entry key="0" type="xdouble" value="5.8"/>
                    <entry key="1" type="xdouble" value="2.8"/>
                    <entry key="2" type="xdouble" value="5.1"/>
                    <entry key="3" type="xdouble" value="2.4"/>
                </config>
                <entry key="distance" type="xint" value="0"/>
                <entry key="not_shrunk" type="xboolean" value="false"/>
                <entry key="standard_deviation" type="xdouble" value="0.6547679778716519"/>
            </config>
            <config key="Rule_12">
                <entry key="row_id" type="xstring" value="Rule_12"/>
                <config key="class_label">
                    <entry key="datacell" type="xstring" value="org.knime.core.data.def.StringCell"/>
                    <config key="org.knime.core.data.def.StringCell">
                        <entry key="StringCell" type="xstring" value="Iris-virginica"/>
                    </config>
                </config>
                <entry key="dont_know_class" type="xdouble" value="0.2"/>
                <entry key="correct_covered" type="xint" value="1"/>
                <entry key="wrong_covered" type="xint" value="0"/>
                <entry key="within-cluster_variance" type="xdouble" value="0.0"/>
                <config key="center">
                    <entry key="array-size" type="xint" value="4"/>
                    <entry key="0" type="xdouble" value="6.3"/>
                    <entry key="1" type="xdouble" value="2.8"/>
                    <entry key="2" type="xdouble" value="5.1"/>
                    <entry key="3" type="xdouble" value="1.5"/>
                </config>
                <entry key="distance" type="xint" value="0"/>
                <entry key="not_shrunk" type="xboolean" value="false"/>
                <entry key="standard_deviation" type="xdouble" value="0.2614322910459938"/>
            </config>
            <config key="Rule_17">
                <entry key="row_id" type="xstring" value="Rule_17"/>
                <config key="class_label">
                    <entry key="datacell" type="xstring" value="org.knime.core.data.def.StringCell"/>
                    <config key="org.knime.core.data.def.StringCell">
                        <entry key="StringCell" type="xstring" value="Iris-virginica"/>
                    </config>
                </config>
                <entry key="dont_know_class" type="xdouble" value="0.2"/>
                <entry key="correct_covered" type="xint" value="2"/>
                <entry key="wrong_covered" type="xint" value="0"/>
                <entry key="within-cluster_variance" type="xdouble" value="0.14000000000000007"/>
                <config key="center">
                    <entry key="array-size" type="xint" value="4"/>
                    <entry key="0" type="xdouble" value="6.4"/>
                    <entry key="1" type="xdouble" value="2.7"/>
                    <entry key="2" type="xdouble" value="5.3"/>
                    <entry key="3" type="xdouble" value="1.9"/>
                </config>
                <entry key="distance" type="xint" value="0"/>
                <entry key="not_shrunk" type="xboolean" value="false"/>
                <entry key="standard_deviation" type="xdouble" value="0.42448454744818165"/>
            </config>
            <config key="Rule_18">
                <entry key="row_id" type="xstring" value="Rule_18"/>
                <config key="class_label">
                    <entry key="datacell" type="xstring" value="org.knime.core.data.def.StringCell"/>
                    <config key="org.knime.core.data.def.StringCell">
                        <entry key="StringCell" type="xstring" value="Iris-virginica"/>
                    </config>
                </config>
                <entry key="dont_know_class" type="xdouble" value="0.2"/>
                <entry key="correct_covered" type="xint" value="1"/>
                <entry key="wrong_covered" type="xint" value="0"/>
                <entry key="within-cluster_variance" type="xdouble" value="0.0"/>
                <config key="center">
                    <entry key="array-size" type="xint" value="4"/>
                    <entry key="0" type="xdouble" value="6.3"/>
                    <entry key="1" type="xdouble" value="2.7"/>
                    <entry key="2" type="xdouble" value="4.9"/>
                    <entry key="3" type="xdouble" value="1.8"/>
                </config>
                <entry key="distance" type="xint" value="0"/>
                <entry key="not_shrunk" type="xboolean" value="false"/>
                <entry key="standard_deviation" type="xdouble" value="0.28420686390857913"/>
            </config>
            <config key="Rule_19">
                <entry key="row_id" type="xstring" value="Rule_19"/>
                <config key="class_label">
                    <entry key="datacell" type="xstring" value="org.knime.core.data.def.StringCell"/>
                    <config key="org.knime.core.data.def.StringCell">
                        <entry key="StringCell" type="xstring" value="Iris-virginica"/>
                    </config>
                </config>
                <entry key="dont_know_class" type="xdouble" value="0.2"/>
                <entry key="correct_covered" type="xint" value="2"/>
                <entry key="wrong_covered" type="xint" value="0"/>
                <entry key="within-cluster_variance" type="xdouble" value="0.06000000000000028"/>
                <config key="center">
                    <entry key="array-size" type="xint" value="4"/>
                    <entry key="0" type="xdouble" value="6.1"/>
                    <entry key="1" type="xdouble" value="3.0"/>
                    <entry key="2" type="xdouble" value="4.9"/>
                    <entry key="3" type="xdouble" value="1.8"/>
                </config>
                <entry key="distance" type="xint" value="0"/>
                <entry key="not_shrunk" type="xboolean" value="false"/>
                <entry key="standard_deviation" type="xdouble" value="0.3344253103769657"/>
            </config>
            <config key="Rule_20">
                <entry key="row_id" type="xstring" value="Rule_20"/>
                <config key="class_label">
                    <entry key="datacell" type="xstring" value="org.knime.core.data.def.StringCell"/>
                    <config key="org.knime.core.data.def.StringCell">
                        <entry key="StringCell" type="xstring" value="Iris-virginica"/>
                    </config>
                </config>
                <entry key="dont_know_class" type="xdouble" value="0.2"/>
                <entry key="correct_covered" type="xint" value="1"/>
                <entry key="wrong_covered" type="xint" value="0"/>
                <entry key="within-cluster_variance" type="xdouble" value="0.0"/>
                <config key="center">
                    <entry key="array-size" type="xint" value="4"/>
                    <entry key="0" type="xdouble" value="6.9"/>
                    <entry key="1" type="xdouble" value="3.1"/>
                    <entry key="2" type="xdouble" value="5.1"/>
                    <entry key="3" type="xdouble" value="2.3"/>
                </config>
                <entry key="distance" type="xint" value="0"/>
                <entry key="not_shrunk" type="xboolean" value="false"/>
                <entry key="standard_deviation" type="xdouble" value="0.5108430997038492"/>
            </config>
        </config>
        <config key="model_spec">
            <config key="SepalLengthCm">
                <entry key="column_name" type="xstring" value="SepalLengthCm"/>
                <config key="element_names">
                    <entry key="array-size" type="xint" value="0"/>
                </config>
                <config key="column_type">
                    <entry key="cell_class" type="xstring" value="org.knime.core.data.def.DoubleCell"/>
                </config>
                <config key="column_domain">
                    <config key="lower_bound">
                        <entry key="datacell" type="xstring" value="org.knime.core.data.def.DoubleCell"/>
                        <config key="org.knime.core.data.def.DoubleCell">
                            <entry key="DoubleCell" type="xdouble" value="4.3"/>
                        </config>
                    </config>
                    <config key="upper_bound">
                        <entry key="datacell" type="xstring" value="org.knime.core.data.def.DoubleCell"/>
                        <config key="org.knime.core.data.def.DoubleCell">
                            <entry key="DoubleCell" type="xdouble" value="7.9"/>
                        </config>
                    </config>
                </config>
                <config key="column_properties"/>
                <config key="meta_data"/>
            </config>
            <config key="SepalWidthCm">
                <entry key="column_name" type="xstring" value="SepalWidthCm"/>
                <config key="element_names">
                    <entry key="array-size" type="xint" value="0"/>
                </config>
                <config key="column_type">
                    <entry key="cell_class" type="xstring" value="org.knime.core.data.def.DoubleCell"/>
                </config>
                <config key="column_domain">
                    <config key="lower_bound">
                        <entry key="datacell" type="xstring" value="org.knime.core.data.def.DoubleCell"/>
                        <config key="org.knime.core.data.def.DoubleCell">
                            <entry key="DoubleCell" type="xdouble" value="2.0"/>
                        </config>
                    </config>
                    <config key="upper_bound">
                        <entry key="datacell" type="xstring" value="org.knime.core.data.def.DoubleCell"/>
                        <config key="org.knime.core.data.def.DoubleCell">
                            <entry key="DoubleCell" type="xdouble" value="4.4"/>
                        </config>
                    </config>
                </config>
                <config key="column_properties"/>
                <config key="meta_data"/>
            </config>
            <config key="PetalLengthCm">
                <entry key="column_name" type="xstring" value="PetalLengthCm"/>
                <config key="element_names">
                    <entry key="array-size" type="xint" value="0"/>
                </config>
                <config key="column_type">
                    <entry key="cell_class" type="xstring" value="org.knime.core.data.def.DoubleCell"/>
                </config>
                <config key="column_domain">
                    <config key="lower_bound">
                        <entry key="datacell" type="xstring" value="org.knime.core.data.def.DoubleCell"/>
                        <config key="org.knime.core.data.def.DoubleCell">
                            <entry key="DoubleCell" type="xdouble" value="1.0"/>
                        </config>
                    </config>
                    <config key="upper_bound">
                        <entry key="datacell" type="xstring" value="org.knime.core.data.def.DoubleCell"/>
                        <config key="org.knime.core.data.def.DoubleCell">
                            <entry key="DoubleCell" type="xdouble" value="6.9"/>
                        </config>
                    </config>
                </config>
                <config key="column_properties"/>
                <config key="meta_data"/>
            </config>
            <config key="PetalWidthCm">
                <entry key="column_name" type="xstring" value="PetalWidthCm"/>
                <config key="element_names">
                    <entry key="array-size" type="xint" value="0"/>
                </config>
                <config key="column_type">
                    <entry key="cell_class" type="xstring" value="org.knime.core.data.def.DoubleCell"/>
                </config>
                <config key="column_domain">
                    <config key="lower_bound">
                        <entry key="datacell" type="xstring" value="org.knime.core.data.def.DoubleCell"/>
                        <config key="org.knime.core.data.def.DoubleCell">
                            <entry key="DoubleCell" type="xdouble" value="0.1"/>
                        </config>
                    </config>
                    <config key="upper_bound">
                        <entry key="datacell" type="xstring" value="org.knime.core.data.def.DoubleCell"/>
                        <config key="org.knime.core.data.def.DoubleCell">
                            <entry key="DoubleCell" type="xdouble" value="2.5"/>
                        </config>
                    </config>
                </config>
                <config key="column_properties"/>
                <config key="meta_data"/>
            </config>
            <config key="Species">
                <entry key="column_name" type="xstring" value="Species"/>
                <config key="element_names">
                    <entry key="array-size" type="xint" value="0"/>
                </config>
                <config key="column_type">
                    <entry key="cell_class" type="xstring" value="org.knime.core.data.def.StringCell"/>
                </config>
                <config key="column_domain">
                    <config key="possible_values">
                        <entry key="array-size" type="xint" value="3"/>
                        <config key="0">
                            <entry key="datacell" type="xstring" value="org.knime.core.data.def.StringCell"/>
                            <config key="org.knime.core.data.def.StringCell">
                                <entry key="StringCell" type="xstring" value="Iris-setosa"/>
                            </config>
                        </config>
                        <config key="1">
                            <entry key="datacell" type="xstring" value="org.knime.core.data.def.StringCell"/>
                            <config key="org.knime.core.data.def.StringCell">
                                <entry key="StringCell" type="xstring" value="Iris-versicolor"/>
                            </config>
                        </config>
                        <config key="2">
                            <entry key="datacell" type="xstring" value="org.knime.core.data.def.StringCell"/>
                            <config key="org.knime.core.data.def.StringCell">
                                <entry key="StringCell" type="xstring" value="Iris-virginica"/>
                            </config>
                        </config>
                    </config>
                </config>
                <config key="column_properties"/>
                <config key="meta_data"/>
            </config>
            <config key="Weight">
                <entry key="column_name" type="xstring" value="Weight"/>
                <config key="element_names">
                    <entry key="array-size" type="xint" value="0"/>
                </config>
                <config key="column_type">
                    <entry key="cell_class" type="xstring" value="org.knime.core.data.def.IntCell"/>
                </config>
                <config key="column_domain"/>
                <config key="column_properties"/>
                <config key="meta_data"/>
            </config>
            <config key="Spread">
                <entry key="column_name" type="xstring" value="Spread"/>
                <config key="element_names">
                    <entry key="array-size" type="xint" value="0"/>
                </config>
                <config key="column_type">
                    <entry key="cell_class" type="xstring" value="org.knime.core.data.def.DoubleCell"/>
                </config>
                <config key="column_domain"/>
                <config key="column_properties"/>
                <config key="meta_data"/>
            </config>
            <config key="Features">
                <entry key="column_name" type="xstring" value="Features"/>
                <config key="element_names">
                    <entry key="array-size" type="xint" value="0"/>
                </config>
                <config key="column_type">
                    <entry key="cell_class" type="xstring" value="org.knime.core.data.def.IntCell"/>
                </config>
                <config key="column_domain"/>
                <config key="column_properties"/>
                <config key="meta_data"/>
            </config>
            <config key="Variance">
                <entry key="column_name" type="xstring" value="Variance"/>
                <config key="element_names">
                    <entry key="array-size" type="xint" value="0"/>
                </config>
                <config key="column_type">
                    <entry key="cell_class" type="xstring" value="org.knime.core.data.def.DoubleCell"/>
                </config>
                <config key="column_domain"/>
                <config key="column_properties"/>
                <config key="meta_data"/>
            </config>
        </config>
    </config>
</config>
